id,order,date
1,3,2021-12-31
2,4,2021-12-24
3,5,2021-12-28
4,6,2021-12-22
5,7,2021-12-28
6,8,2021-12-28
7,9,2021-12-21
8,10,2021-12-22
9,11,2021-12-29
10,14,2021-12-30
11,18,2021-12-21
12,20,2021-12-27
13,21,2021-12-22
14,22,2021-12-20
15,23,2021-12-27
16,24,2021-12-29
17,25,2021-12-30
18,27,2021-12-20
19,28,2021-12-27
20,29,2021-12-30
21,30,2021-12-28
22,31,2021-12-20
23,34,2021-12-25
24,36,2021-12-31
25,41,2021-12-23
26,42,2021-12-22
27,43,2021-12-29
28,46,2021-12-30
29,47,2021-12-20
30,48,2021-12-21
31,49,2021-12-20
32,50,2021-12-31
33,51,2021-12-23
34,52,2021-12-31
35,53,2021-12-28
36,54,2021-12-29
37,56,2021-12-30
38,57,2021-12-28
39,58,2021-12-24
40,59,2021-12-22
41,60,2021-12-30
42,61,2021-12-24
43,62,2021-12-24
44,63,2021-12-27
45,64,2021-12-28
46,66,2021-12-26
47,67,2021-12-20
48,69,2021-12-29
49,71,2021-12-25
50,74,2021-12-21
51,75,2021-12-22
52,76,2021-12-25
53,77,2021-12-30
54,80,2021-12-24
55,81,2021-12-30
56,82,2021-12-25
57,84,2021-12-23
58,85,2021-12-21
59,86,2021-12-21
60,88,2021-12-29
61,89,2021-12-29
62,91,2021-12-26
63,92,2021-12-24
64,93,2021-12-30
65,94,2021-12-31
66,96,2021-12-26
67,97,2021-12-30
68,99,2021-12-21
69,100,2021-12-27
